{
    "loss": 0.17628850042819977,
    "accuracy": 0.931034505367279
}